<?xml version="1.0" encoding="UTF-8"?>
<beans xmlns="http://www.springframework.org/schema/beans"
       xmlns:xsi="http://www.w3.org/2001/XMLSchema-instance"
       xmlns:context="http://www.springframework.org/schema/context"
       xsi:schemaLocation="http://www.springframework.org/schema/beans http://www.springframework.org/schema/beans/spring-beans.xsd http://www.springframework.org/schema/context https://www.springframework.org/schema/context/spring-context.xsd">

    <context:component-scan base-package="com.bruce.service.*,com.bruce.filter"/>

    <!-- 加载配置文件 -->
    <context:property-placeholder location="classpath:db.properties"/>

    <!-- 数据库连接池 -->
    <bean id="dataSource" class="com.alibaba.druid.pool.DruidDataSource"
          destroy-method="close">
        <property name="url" value="${jdbc.url}"/>
        <property name="username" value="${jdbc.username}"/>
        <property name="password" value="${jdbc.password}"/>
        <property name="driverClassName" value="${jdbc.driverClassName}"/>
        <property name="maxActive" value="10"/>
        <property name="minIdle" value="5"/>
    </bean>

    <!-- SqlSessionFactory -->
    <!-- 让spring管理sqlsessionfactory 使用mybatis和spring整合包中的 -->
    <bean id="sqlSessionFactory" class="org.mybatis.spring.SqlSessionFactoryBean">
        <!-- 数据库连接池 -->
        <property name="dataSource" ref="dataSource"/>
        <!-- 加载mybatis的全局配置文件 -->
        <property name="configLocation" value="classpath:mybatis-config.xml"/>
        <property name="typeAliasesPackage" value="com.bruce.pojo"/>
    </bean>

    <!-- Mapper映射文件的包扫描器 -->
    <bean class="org.mybatis.spring.mapper.MapperScannerConfigurer">
        <property name="basePackage" value="com.bruce.mapper"/>
    </bean>


    <!--SpringSecurity的配置文件需要加载到Spring容器中，所以可以通过import来导入-->
    <import resource="classpath:spring-security.xml"/>

</beans>