<?xml version="1.0" encoding="UTF-8"?>
<beans xmlns="http://www.springframework.org/schema/beans"
       xmlns:xsi="http://www.w3.org/2001/XMLSchema-instance"
       xmlns:context="http://www.springframework.org/schema/context"
       xmlns:security="http://www.springframework.org/schema/security"
       xsi:schemaLocation="http://www.springframework.org/schema/beans
       http://www.springframework.org/schema/beans/spring-beans.xsd
       http://www.springframework.org/schema/context
       https://www.springframework.org/schema/context/spring-context.xsd
       http://www.springframework.org/schema/security
       https://www.springframework.org/schema/security/spring-security.xsd">

    <!--放开资源-->
    <!--直接释放无需经过SpringSecurity过滤器的静态资源-->
    <security:http pattern="/images/**" security="none"/>
    <security:http pattern="/favicon.ico" security="none"/>


    <!--
       设置可以用spring的el表达式配置Spring Security并自动生成对应配置组件（过滤器）
       auto-config="true" 表示自动加载SpringSecurity的配置文件
       use-expressions="true" 支持Spring的EL表达式
    -->
    <security:http auto-config="true" use-expressions="true">

        <!--指定login.jsp页面可以被匿名访问 -->
        <security:intercept-url pattern="/login.jsp" access="permitAll()"/>
        <security:intercept-url pattern="/getCode" access="permitAll()"/>

        <!--自定义过滤器-->
        <security:custom-filter ref="checkCodeFilter" before="FORM_LOGIN_FILTER"></security:custom-filter>

        <!--
                    拦截资源
                    pattern="/**" 拦截所有的资源
                    access="hasAnyRole('role1')" 表示只有role1这个角色可以访问资源
                 -->
        <!--使用spring的el表达式来指定项目所有资源访问都必须有ROLE_USER或ROLE_ADMIN角色-->
        <security:intercept-url pattern="/**" access="hasAnyRole('ROLE_USER','ROLE_ADMIN')"></security:intercept-url>

        <!--指定自定义的认证页面-->
        <security:form-login login-page="/login.jsp"
                             login-processing-url="/login"
                             authentication-success-forward-url="/home.jsp"

                             authentication-failure-handler-ref="myFailureHandler" />

        <!--关闭CSRF  false 开启-->
        <security:csrf disabled="false"/>

        <!--没有权限的异常处理页面-->
        <security:access-denied-handler error-page="/noreights.jsp"/>

    </security:http>

    <!--加密算法对象-->
    <!--<bean id="encoder" class="org.springframework.security.crypto.bcrypt.BCryptPasswordEncoder"/>-->
    <bean id="encoder" class="com.bruce.encode.MyMD5PasswordEncoder"/>

    <!--配置模拟的认证数据源-->
    <!-- 设置置Spring Security认证用户来源  noop：SpringSecurity中默认 密码验证是要加密的  noop表示不加密 -->
    <security:authentication-manager>
        <security:authentication-provider user-service-ref="userServiceImpl">

            <security:password-encoder ref="encoder"/>
            <!--模拟账号信息：后期加装数据库中  zhang:123:ROLE_USER   lisi:123:ROLE_ADMIN  -->
<!--            <security:user-service>-->
<!--                <security:user name="zhang" password="{noop}123" authorities="ROLE_USER"></security:user>-->
<!--                <security:user name="lisi" password="{noop}123" authorities="ROLE_ADMIN"></security:user>-->
<!--            </security:user-service>-->
        </security:authentication-provider>
    </security:authentication-manager>

</beans>